

use HOMv18

insert into Kullanici(kullanici_id, kullanici_isim, sifre, e_mail) values (1, 'Merve Tahtaci', '12345a', 'tahtaci@gmail.com')
insert into Kullanici(kullanici_id, kullanici_isim, sifre, e_mail) values (2, 'Ozum Oral','123a','ozumoral@gmail.com')
insert into Kullanici(kullanici_id, kullanici_isim, sifre, e_mail) values (3, 'Hasan Erfenek','aaa111','erfenek@outlook.com')
insert into Kullanici(kullanici_id, kullanici_isim, sifre, e_mail) values (4, 'Eda Filiz','ksdfkd1','edafiliz16@gmail.com') 
insert into Kullanici(kullanici_id, kullanici_isim, sifre, e_mail) values (5, 'Hazal Sunal', 'ffkdlf','sunal35@hotmail.com')
insert into Kullanici(kullanici_id, kullanici_isim, sifre, e_mail) values (6, 'Kemal Sunal', 'wdlf001','ksunal@hotmail.com')
insert into Kullanici(kullanici_id, kullanici_isim, sifre, e_mail) values (7, 'Sevcan Ölçüm', 'ölçüm11','olcum10@hotmail.com')
insert into Kullanici(kullanici_id, kullanici_isim, sifre, e_mail) values (8, 'Fikri Aktaş', 'furkan367','aktas367@hotmail.com')
insert into Kullanici(kullanici_id, kullanici_isim, sifre, e_mail) values (9, 'Mehmet Demir', 'dem11','mehdemir@hotmail.com')
insert into Kullanici(kullanici_id, kullanici_isim, sifre, e_mail) values (10,'Emine Bedel', 'emnafk12','emine@outlook.com')
insert into Kullanici(kullanici_id, kullanici_isim, sifre,  e_mail) values (11, 'Halit Ergenç', 'bergüzar123',  'halitergenc@outlook.com')
insert into Kullanici(kullanici_id, kullanici_isim, sifre,  e_mail) values (12, 'Selçuk Yöntem', 'askimemnu',  'selcukyontem@gmail.com')
insert into Kullanici(kullanici_id, kullanici_isim, sifre,  e_mail) values (13, 'Zerrin Tekindor', 'ednanbey',  'tahtaci@gmail.com')
insert into Kullanici(kullanici_id, kullanici_isim, sifre,  e_mail) values (14, 'Şeyma Subaşı', 'melisacun125',  'seymasubasi@yahoo.com')

insert into Company(company_id,company_name,aciklama,lokasyon,takipci_sayisi)values(1,'Tofaş','Türk Otomobil Fabrikası','Bursa',50000)
insert into Company(company_id,company_name,aciklama,lokasyon,takipci_sayisi)values(2,'Turk Telekom','Telekomünikasyon Şirketi','İstanbul',100000)
insert into Company(company_id,company_name,aciklama,lokasyon,takipci_sayisi)values(3,'Botart','Yapay Zeka Chatbot','İzmir',25)
insert into Company(company_id,company_name,aciklama,lokasyon,takipci_sayisi)values(4,'Medipol Sağlık Grubu','Kalbiniz kadar yakın','İstanbul',15000)
insert into Company(company_id,company_name,aciklama,lokasyon,takipci_sayisi)values(5,'Kanal D','Bizi İzlemeye devam edin..','İstanbul',12000)

insert into Okul(okul_id,okul_adi,aciklama,lokasyon,takipci_sayisi)values(1,'Ege Üniversitesi','hayallerinizdeki okul','İzmir',80000)
insert into Okul(okul_id,okul_adi,aciklama,lokasyon,takipci_sayisi)values(2,'İTÜ','teknik bir üniversite','İstanbul',100000)
insert into Okul(okul_id,okul_adi,aciklama,lokasyon,takipci_sayisi)values(3,'ODTÜ','soğuk ve gri bir hava hakim','Ankara',100000)
insert into Okul(okul_id,okul_adi,aciklama,lokasyon,takipci_sayisi)values(4,'9 Eylül','dağda..','İzmir',50000)

insert into Ilgi_Alani(ilgialani_id,kullanici_id,okul_id)values(1,1,1)
insert into Ilgi_Alani(ilgialani_id,kullanici_id,okul_id,company_id)values(2,2,1,2)
insert into Ilgi_Alani(ilgialani_id,kullanici_id,okul_id,company_id)values(3,3,3,3)

insert into Is_Ilani(ilan_id,company_id,baslik,aciklama)values(1,3,'DB Admin','Şirketimizde çalışacak Db Admin aranmaktadır.')
insert into Is_Ilani(ilan_id,company_id,baslik,aciklama)values(2,3,'Java Developer','Şirketimizde çalışacak Java Developer aranmaktadır.')
insert into Is_Ilani(ilan_id,company_id,baslik,aciklama)values(3,3,'C# Developer','Şirketimizde çalışacak C# Developer aranmaktadır.')
insert into Is_Ilani(ilan_id,company_id,baslik,aciklama)values(4,2,'Mobile Developer','Şirketimizde çalışacak Mobile Developer aranmaktadır.')
insert into Is_Ilani(ilan_id,company_id,baslik,aciklama)values(5,1,'Analist','Şirketimizde çalışacak Analist aranmaktadır.')

insert into Is_Ilani_Basvuru(ilan_id,kullanici_id) values(1,1)
insert into Is_Ilani_Basvuru(ilan_id,kullanici_id) values(1,3)
insert into Is_Ilani_Basvuru(ilan_id,kullanici_id) values(1,5)
insert into Is_Ilani_Basvuru(ilan_id,kullanici_id) values(1,6)
insert into Is_Ilani_Basvuru(ilan_id,kullanici_id) values(2,2)
insert into Is_Ilani_Basvuru(ilan_id,kullanici_id) values(2,8)
insert into Is_Ilani_Basvuru(ilan_id,kullanici_id) values(3,4)

insert into Yetenek(yetenek_id,yetenek_adi)values(1,'Java')
insert into Yetenek(yetenek_id,yetenek_adi)values(2,'C#')
insert into Yetenek(yetenek_id,yetenek_adi)values(3,'Database')
insert into Yetenek(yetenek_id,yetenek_adi)values(4,'Android')
insert into Yetenek(yetenek_id,yetenek_adi)values(5,'Swift')
insert into Yetenek(yetenek_id,yetenek_adi)values(6,'HTML')
insert into Yetenek(yetenek_id,yetenek_adi)values(7,'mySql')
insert into Yetenek(yetenek_id,yetenek_adi)values(8,'Marketing')
insert into Yetenek(yetenek_id,yetenek_adi)values(9,'Grup Çalışması')

insert into Kullanici_yetenek(kullanici_id,yetenek_id) values(1,3)
insert into Kullanici_yetenek(kullanici_id,yetenek_id) values(1,9)
insert into Kullanici_yetenek(kullanici_id,yetenek_id) values(3,1)
insert into Kullanici_yetenek(kullanici_id,yetenek_id) values(3,4)
insert into Kullanici_yetenek(kullanici_id,yetenek_id) values(2,2)
insert into Kullanici_yetenek(kullanici_id,yetenek_id) values(2,5)
insert into Kullanici_yetenek(kullanici_id,yetenek_id) values(5,8)
insert into Kullanici_yetenek(kullanici_id,yetenek_id) values(6,4)
insert into Kullanici_yetenek(kullanici_id,yetenek_id) values(7,2)
insert into Kullanici_yetenek(kullanici_id,yetenek_id) values(9,9)
insert into Kullanici_yetenek(kullanici_id,yetenek_id) values(10,3)
insert into Kullanici_yetenek(kullanici_id,yetenek_id) values(12,4)
insert into Kullanici_yetenek(kullanici_id,yetenek_id) values(8,2)
insert into Kullanici_yetenek(kullanici_id,yetenek_id) values(3,2)

insert into Yetenek_Onayi(yetenek_sahibi_id,onaylayan_kisi_id,yetenek_id)values(1,3,1)
insert into Yetenek_Onayi(yetenek_sahibi_id,onaylayan_kisi_id,yetenek_id)values(1,3,4)
insert into Yetenek_Onayi(yetenek_sahibi_id,onaylayan_kisi_id,yetenek_id)values(2,7,2)
insert into Yetenek_Onayi(yetenek_sahibi_id,onaylayan_kisi_id,yetenek_id)values(4,5,3)

insert into Is_Ilani_Yetenek(ilan_id,yetenek_id) values (1,3)
insert into Is_Ilani_Yetenek(ilan_id,yetenek_id) values (2,1)
insert into Is_Ilani_Yetenek(ilan_id,yetenek_id) values (3,2)
insert into Is_Ilani_Yetenek(ilan_id,yetenek_id) values (4,4)
insert into Is_Ilani_Yetenek(ilan_id,yetenek_id) values (4,5)
insert into Is_Ilani_Yetenek(ilan_id,yetenek_id) values (5,6)



insert into Profil(profil_id , kullanici_id, about_me , iliski) values (1, 1, '21/Bilmüh/Bursa', 'Karışık')
insert into Profil(profil_id , kullanici_id, about_me , iliski) values (2, 2, '22/Bilmüh/Antalya', 'Var')
insert into Profil(profil_id , kullanici_id, about_me , iliski) values (3, 3, '23/Bilmüh/Nazilli', 'Var')
insert into Profil(profil_id , kullanici_id, about_me , iliski) values (4, 4, '22/Bilmüh/İzmir', 'Var')
insert into Profil(profil_id , kullanici_id, about_me , iliski) values (5, 5, '22/Diş Hekimi/Bursa', 'Yok')
insert into Profil(profil_id , kullanici_id, about_me , iliski) values (6, 6, '22/Tıp Öğrencisi/Bursa', 'Yok')
insert into Profil(profil_id , kullanici_id, about_me , iliski) values (7, 7, '14/Lise Öğrencisi/Antalya', 'Yok')
insert into Profil(profil_id , kullanici_id, about_me , iliski) values (8, 8, '22/Bilmüh/Balıkesir', 'Karışık')
insert into Profil(profil_id , kullanici_id, about_me , iliski) values (9, 9, '61/Aşçı/İstanbul', 'Evli')
insert into Profil(profil_id , kullanici_id, about_me , iliski) values (10, 10, '33/Mafya ve Futbolcu/İstanbul', 'Evli')
insert into Profil(profil_id , kullanici_id, about_me , iliski) values (11, 11, '41/Oyuncu/İstanbul', 'Evli')
insert into Profil(profil_id , kullanici_id, about_me , iliski) values (12, 12, '55/Tiyatrocu/İstanbul', '-')
insert into Profil(profil_id , kullanici_id, about_me , iliski) values (13, 13, '50/Tiyatrocu/İstanbul', 'Evli')
insert into Profil(profil_id , kullanici_id, about_me , iliski) values (14, 14, '28/Blogger/İstanbul', 'Bekar')


insert into Bildirim(bildirim_id,kullanici_id,bildirim_icerik)values(1,1,'Profiliniz Görüntüleniyor')
insert into Bildirim(bildirim_id,kullanici_id,bildirim_icerik)values(2,1,'Hasan Erfeneki tanıyor musunuz?')
insert into Bildirim(bildirim_id,kullanici_id,bildirim_icerik)values(3,2,'Önder Topaloğlu adlı kişiden mesaj')
insert into Bildirim(bildirim_id,kullanici_id,bildirim_icerik) values (12, 1, 'Edanur Filiz seni Bursalılar grubuna davet etti.')
insert into Bildirim(bildirim_id, kullanici_id, bildirim_icerik) values (13, 2, 'Mustafa Ege Oral sana arkadaşlık isteği gönderdi.')
insert into Bildirim(bildirim_id, kullanici_id, bildirim_icerik) values (14, 3, 'İdil Sera Şahin sana Candy Crush daveti gönderdi.')
insert into Bildirim(bildirim_id, kullanici_id, bildirim_icerik) values (4, 4, 'Özüm Oral sana mesaj gönderdi.')
insert into Bildirim(bildirim_id, kullanici_id, bildirim_icerik) values (5, 10, 'İstanbuldaki çatışmada güvende olduğunu bildir!')
insert into Bildirim(bildirim_id, kullanici_id, bildirim_icerik) values (6, 11, 'İstanbuldaki çatışmada güvende olduğunu bildir!')
insert into Bildirim(bildirim_id, kullanici_id, bildirim_icerik) values (7, 14, 'Aylin Şahin fotoğrafını beğendi.')
insert into Bildirim(bildirim_id, kullanici_id, bildirim_icerik) values (8, 12, 'Tiyatro grubuna davet edildin.')
insert into Bildirim(bildirim_id, kullanici_id, bildirim_icerik) values (9, 13, 'Tiyatro grubuna davet edildin.')
insert into Bildirim(bildirim_id, kullanici_id, bildirim_icerik) values (10, 12, 'Futbolcular grubuna davet edildin.')
insert into Bildirim(bildirim_id, kullanici_id, bildirim_icerik) values (11, 12, 'Edanur Filiz seni Bursalılar grubuna davet etti.')

insert into Arkadaslar(kullanici_id, arkadas_id) values (1,13)
insert into Arkadaslar(kullanici_id, arkadas_id) values (1,6)
insert into Arkadaslar(kullanici_id, arkadas_id) values (1,3)
insert into Arkadaslar(kullanici_id, arkadas_id) values (1,5)
insert into Arkadaslar(kullanici_id, arkadas_id) values (2,4)
insert into Arkadaslar(kullanici_id, arkadas_id) values (2,7)
insert into Arkadaslar(kullanici_id, arkadas_id) values (2,8)
insert into Arkadaslar(kullanici_id, arkadas_id) values (3,2)
insert into Arkadaslar(kullanici_id, arkadas_id) values (8,3)
insert into Arkadaslar(kullanici_id, arkadas_id) values (4,7)
insert into Arkadaslar(kullanici_id, arkadas_id) values (7,1)
insert into Arkadaslar(kullanici_id, arkadas_id) values (4,10)
insert into Arkadaslar(kullanici_id, arkadas_id) values (5,6)
insert into Arkadaslar(kullanici_id, arkadas_id) values (12,13)
insert into Arkadaslar(kullanici_id, arkadas_id) values (12,11)
insert into Arkadaslar(kullanici_id, arkadas_id) values (9,10)
insert into Arkadaslar(kullanici_id, arkadas_id) values (9,14)

insert into  Gizlilik(kullanici_id, yasakli_kisi_id) values (1,6)
insert into  Gizlilik(kullanici_id, yasakli_kisi_id) values (1,9)
insert into  Gizlilik(kullanici_id, yasakli_kisi_id)values (2,4)
insert into  Gizlilik(kullanici_id, yasakli_kisi_id) values (2,7)
insert into  Gizlilik(kullanici_id, yasakli_kisi_id) values (3,8)

insert into Fotograf_album(fotograf_album_id,kullanici_id,album_isim)values(1,1,'IBM')
insert into Fotograf_album(fotograf_album_id,kullanici_id,album_isim)values(2,2,'Turk Telekom')
insert into Fotograf_album(fotograf_album_id,kullanici_id,album_isim)values(3,3,'Yapay Zeka')
insert into Fotograf_album(fotograf_album_id,kullanici_id,album_isim)values(4,3,'database')
insert into Fotograf_album(fotograf_album_id,kullanici_id,album_isim)values(5,4,'kongre')
insert into Fotograf_album(fotograf_album_id,kullanici_id,album_isim)values(6,7,'görüntü işleme')

insert into Fotograf(fotograf_id,fotograf_album_id)values(1,1)
insert into Fotograf(fotograf_id,fotograf_album_id)values(2,1)
insert into Fotograf(fotograf_id,fotograf_album_id)values(3,3)
insert into Fotograf(fotograf_id,fotograf_album_id)values(4,4)
insert into Fotograf(fotograf_id,fotograf_album_id)values(5,5)
insert into Fotograf(fotograf_id,fotograf_album_id)values(6,6)

insert into Video(video_id,kullanici_id,video_adi)values(1,1,'data structures')
insert into Video(video_id,kullanici_id,video_adi)values(2,7,'tez')
insert into Video(video_id,kullanici_id,video_adi)values(3,4,'diş')
insert into Video(video_id,kullanici_id,video_adi)values(4,5,'tıp')

insert into Post(post_id,kullanici_id,post_icerik,begeni_sayisi)values(1,1,'mühendisler gününüz kutlu olsun!',4)
insert into Post(post_id,kullanici_id,post_icerik,album_id,begeni_sayisi)values(2,7,'Bugünkü kongremizden kareler',1,4)
insert into Post(post_id,kullanici_id,post_icerik,video_id,begeni_sayisi)values(3,3,'Yapay Zeka üzerine...',2,2)
insert into Post(post_id,kullanici_id,post_icerik,begeni_sayisi)values(4,10,'nefis yemek tarifleri için web sitem: www.eminebedel.com',2)



insert into Post_begeni(begeni_id,begenen_kisi_id,post_id)values(1,1,1)
insert into Post_begeni(begeni_id,begenen_kisi_id,post_id)values(2,1,1)
insert into Post_begeni(begeni_id,begenen_kisi_id,post_id)values(3,7,2)
insert into Post_begeni(begeni_id,begenen_kisi_id,post_id)values(4,3,3)
insert into Post_begeni(begeni_id,begenen_kisi_id,post_id)values(5,10,4)
insert into Post_begeni(begeni_id,begenen_kisi_id,post_id)values(6,7,2)
insert into Post_begeni(begeni_id,begenen_kisi_id,post_id)values(7,1,1)
insert into Post_begeni(begeni_id,begenen_kisi_id,post_id)values(8,1,1)
insert into Post_begeni(begeni_id,begenen_kisi_id,post_id)values(9,7,2)
insert into Post_begeni(begeni_id,begenen_kisi_id,post_id)values(10,3,3)
insert into Post_begeni(begeni_id,begenen_kisi_id,post_id)values(11,10,4)
insert into Post_begeni(begeni_id,begenen_kisi_id,post_id)values(12,7,2)


insert into Post_yorum(yorum_id,post_id,yorum_yapan_kisi_id,yorum)values(1,1,1,'teşekkür ederim,senin de!')
insert into Post_yorum(yorum_id,post_id,yorum_yapan_kisi_id,yorum)values(2,2,2,'harika görünüyor..')
insert into Post_yorum(yorum_id,post_id,yorum_yapan_kisi_id,yorum)values(3,3,3,'çok faydalı bir paylaşım')
insert into Post_yorum(yorum_id,post_id,yorum_yapan_kisi_id,yorum)values(4,4,10,'en kısa zamanda tariflerinizi deneyeceğim!')
insert into Post_yorum(yorum_id,post_id,yorum_yapan_kisi_id,yorum)values(5,1,1,'teşekkür ederim,senin de!')
insert into Post_yorum(yorum_id,post_id,yorum_yapan_kisi_id,yorum)values(6,2,2,'harika görünüyor..')
insert into Post_yorum(yorum_id,post_id,yorum_yapan_kisi_id,yorum)values(7,3,3,'çok faydalı bir paylaşım')
insert into Post_yorum(yorum_id,post_id,yorum_yapan_kisi_id,yorum)values(8,4,10,'en kısa zamanda tariflerinizi deneyeceğim!')

insert into Mesaj(mesaj_id, kullanici_id, kimden_id, icerik) values (1, 1, 10, 'Yarın halısahada beni izler misin :))')
insert into Mesaj(mesaj_id, kullanici_id, kimden_id, icerik) values (2, 1, 5, 'Eve gelirken ekmek al.')
insert into Mesaj(mesaj_id, kullanici_id, kimden_id, icerik) values (3, 2, 4, 'İyi ki varsın :)')
insert into Mesaj(mesaj_id, kullanici_id, kimden_id, icerik) values (4, 2, 7, 'Antalyaya gel!!!!')
insert into Mesaj(mesaj_id, kullanici_id, kimden_id, icerik) values (5, 6, 5, 'Elim kesildi napayım knk')
insert into Mesaj(mesaj_id, kullanici_id, kimden_id, icerik) values (6, 9, 8, 'Sizin yemeklerinize bayılıyorum :)')
insert into Mesaj(mesaj_id, kullanici_id, kimden_id, icerik) values (7, 3, 14, 'Selam, kodların çok güzel')
insert into Mesaj(mesaj_id, kullanici_id, kimden_id, icerik) values (8, 12, 11, 'Çok yetenekli oyuncularız be')
insert into Mesaj(mesaj_id, kullanici_id, kimden_id, icerik) values (9, 11, 12, 'Gerçekten öyleyiz abi')
insert into Mesaj(mesaj_id,kullanici_id,kimden_id,icerik)values(10,1,2,'Selam Merve,profilin harika gözüküyor..')
insert into Mesaj(mesaj_id,kullanici_id,kimden_id,icerik)values(11,2,1,'Selam Özüm,darısı sana!')
insert into Mesaj(mesaj_id,kullanici_id,kimden_id,icerik)values(12,10,7,'Emine hanım yemeklerinize bayılıyorum..')
insert into Mesaj(mesaj_id,kullanici_id,kimden_id,icerik)values(13,7,2,'Sevcan stajını hala yapmadın mı?')
insert into Mesaj(mesaj_id,kullanici_id,kimden_id,icerik)values(14,2,7,'Bu kış yapacağım.')
insert into Mesaj(mesaj_id,kullanici_id,kimden_id,icerik)values(15,3,8,'Yeni iş pozisyonunu tebrik ederim!')

insert into Dil(dil_id, dil_adi) values (1, 'Türkçe')
insert into Dil(dil_id, dil_adi) values (2, 'İngilizce')
insert into Dil(dil_id, dil_adi) values (3, 'Almanca')
insert into Dil(dil_id, dil_adi) values (4, 'Rusça')
insert into Dil(dil_id, dil_adi) values (5, 'Japonca')

insert into Kullanilan_Dil(dil_id, kullanici_id) values (1,1)
insert into Kullanilan_Dil(dil_id, kullanici_id) values (1,2)
insert into Kullanilan_Dil(dil_id, kullanici_id) values (2,3)
insert into Kullanilan_Dil(dil_id, kullanici_id) values (1,4)
insert into Kullanilan_Dil(dil_id, kullanici_id) values (4,5)
insert into Kullanilan_Dil(dil_id, kullanici_id) values (2,6)
insert into Kullanilan_Dil(dil_id, kullanici_id) values (1,7)
insert into Kullanilan_Dil(dil_id, kullanici_id) values (5,8)
insert into Kullanilan_Dil(dil_id, kullanici_id) values (3,9)
insert into Kullanilan_Dil(dil_id, kullanici_id) values (2,10)
insert into Kullanilan_Dil(dil_id, kullanici_id) values (4,11)
insert into Kullanilan_Dil(dil_id, kullanici_id) values (5,12)
insert into Kullanilan_Dil(dil_id, kullanici_id) values (3,13)
insert into Kullanilan_Dil(dil_id, kullanici_id) values (5,14)

insert into Topluluk(topluluk_id,topluluk_adi,aciklama)values(1,'Genç Girişimciler Topluluğu','Girişimcilik faaliyetleri hakkinda bilgi alın!')
insert into Topluluk(topluluk_id,topluluk_adi,aciklama)values(2,'Gastronomi','Yemek yapmayı öğrenin!')
insert into Topluluk(topluluk_id,topluluk_adi,aciklama)values(3,'IEEE','Institute of Engineers and Everyone Else')
insert into Topluluk(topluluk_id,topluluk_adi,aciklama)values(4,'Tıp Öğrencileri Topluluğu','3-2-1 Tıp!')

insert into Topluluk_Uyeleri(topluluk_id,kullanici_id)values(1,1)
insert into Topluluk_Uyeleri(topluluk_id,kullanici_id)values(2,10)
insert into Topluluk_Uyeleri(topluluk_id,kullanici_id)values(3,2)
insert into Topluluk_Uyeleri(topluluk_id,kullanici_id)values(4,5)

insert into Adres(adres_id, profil_id, adres) values (1, 1, 'İzmir- Mansuroğlu Mahallesi')
insert into Adres(adres_id, profil_id, adres) values (2, 2, 'İzmir- Kazım Dirik Mahallesi')
insert into Adres(adres_id, profil_id, adres) values (3, 3, 'İzmir- Altıntaş Mahallesi')
insert into Adres(adres_id, profil_id, adres) values (4, 4, 'İzmir- Bahriye Üçok Mahallesi')
insert into Adres(adres_id, profil_id, adres) values (5, 5, 'İzmir- Mansuroğlu Mahallesi')
insert into Adres(adres_id, profil_id, adres) values (6, 6, 'Bursa-Ataevler Mahallesi')
insert into Adres(adres_id, profil_id, adres) values (7, 7, 'Antalya-Zümrütova Mahallesi')
insert into Adres(adres_id, profil_id, adres) values (8, 8, 'İzmir- Ölçüm Mahallesi')
insert into Adres(adres_id, profil_id, adres) values (9, 9, 'Ankara- Emek Mahallesi')
insert into Adres(adres_id, profil_id, adres) values (10, 10,'İstanbul- Beykoz Mahallesi')
insert into Adres(adres_id, profil_id, adres) values (11, 11,'İstanbul- Acarkent Mahallesi')
insert into Adres(adres_id, profil_id, adres) values (12, 12,'İstanbul- Acarkent Mahallesi')
insert into Adres(adres_id, profil_id, adres) values (13, 13,'İstanbul- Florya Mahallesi')
insert into Adres(adres_id, profil_id, adres) values (14, 14,'İstanbul- Bebek Mahallesi')

insert into Fan_sayfa(fan_sayfa_id, web_adres) values (1, 'www.roleplay.com')
insert into Fan_sayfa(fan_sayfa_id, web_adres) values (2, 'www.playgame.com')
insert into Fan_sayfa(fan_sayfa_id, web_adres) values (3, 'www.nazilli.com')
insert into Fan_sayfa(fan_sayfa_id, web_adres) values (4, 'www.egeuniversitesi.com')
insert into Fan_sayfa(fan_sayfa_id, web_adres) values (5, 'www.travelling.com')

insert into Begenilen_fan_sayfa(fan_sayfa_id,kullanici_id) values (3,3)
insert into Begenilen_fan_sayfa(fan_sayfa_id,kullanici_id) values (1,2)
insert into Begenilen_fan_sayfa(fan_sayfa_id,kullanici_id) values (2,2)
insert into Begenilen_fan_sayfa(fan_sayfa_id,kullanici_id) values (3,2)
insert into Begenilen_fan_sayfa(fan_sayfa_id,kullanici_id) values (2,3)
insert into Begenilen_fan_sayfa(fan_sayfa_id,kullanici_id) values (3,5)
insert into Begenilen_fan_sayfa(fan_sayfa_id,kullanici_id) values (4,5)
insert into Begenilen_fan_sayfa(fan_sayfa_id,kullanici_id) values (4,6)
insert into Begenilen_fan_sayfa(fan_sayfa_id,kullanici_id) values (2,7)
insert into Begenilen_fan_sayfa(fan_sayfa_id,kullanici_id) values (3,8)
insert into Begenilen_fan_sayfa(fan_sayfa_id,kullanici_id) values (3,9)

insert into Deneyim(deneyim_id,kullanici_id,company_id,pozisyon,start_date,end_date)values(1,2,1,'İş Analisti',(convert (date, '10-10-2016', 105)),(convert (date, '10-12-2017', 105)))
insert into Deneyim(deneyim_id,kullanici_id,company_id,pozisyon,start_date,end_date)values(2,3,3,'Software Developer',(convert (date, '20-03-2017', 105)),(convert (date, '05-11-2018', 105)))
insert into Deneyim(deneyim_id,kullanici_id,company_id,pozisyon,start_date,end_date)values(3,10,5,'Nefis Tatlar Program',(convert (date, '15-01-2005', 105)),(convert (date, '20-12-2010', 105)))
insert into Deneyim(deneyim_id,kullanici_id,company_id,pozisyon,start_date,end_date)values(4,5,4,'Stajyer',(convert (date, '20-06-2018', 105)),(convert (date, '01-8-2018', 105)))


insert into Egitim(egitim_id,kullanici_id,okul_id,start_date,end_date)values(1,1,1,(convert (date, '27-08-2015', 105)),(convert (date, '07-07-2019', 105)))
insert into Egitim(egitim_id,kullanici_id,okul_id,start_date,end_date)values(2,2,1,(convert (date, '15-08-2012', 105)),(convert (date, '10-07-2016', 105)))
insert into Egitim(egitim_id,kullanici_id,okul_id,start_date,end_date)values(3,5,4,(convert (date, '28-07-2016', 105)),(convert (date, '11-08-2022', 105)))
insert into Egitim(egitim_id,kullanici_id,okul_id,start_date,end_date)values(4,3,3,(convert (date, '27-08-2013', 105)),(convert (date, '07-07-2017', 105)))
insert into Egitim(egitim_id,kullanici_id,okul_id,start_date,end_date)values(5,4,1,(convert (date, '20-07-2015', 105)),(convert (date, '10-08-2020', 105)))
insert into Egitim(egitim_id,kullanici_id,okul_id,start_date,end_date)values(6,8,2,(convert (date, '21-07-2015', 105)),(convert (date, '10-08-2023', 105)))

insert into Foto_tag(fotograf_id, etiketlenen_kisi) values (1, 1)
insert into Foto_tag(fotograf_id, etiketlenen_kisi) values (2, 2)
insert into Foto_tag(fotograf_id, etiketlenen_kisi) values (3, 3)
insert into Foto_tag(fotograf_id, etiketlenen_kisi) values (4, 4)
insert into Foto_tag(fotograf_id, etiketlenen_kisi) values (5, 5)
insert into Foto_tag(fotograf_id, etiketlenen_kisi) values (6, 6)
insert into Foto_tag(fotograf_id, etiketlenen_kisi) values (7, 7)
insert into Foto_tag(fotograf_id, etiketlenen_kisi) values (8, 8)
insert into Foto_tag(fotograf_id, etiketlenen_kisi) values (9, 9)
insert into Foto_tag(fotograf_id, etiketlenen_kisi) values (10, 9)
insert into Foto_tag(fotograf_id, etiketlenen_kisi) values (11, 10)
insert into Foto_tag(fotograf_id, etiketlenen_kisi) values (12, 10)
insert into Foto_tag(fotograf_id, etiketlenen_kisi) values (13, 11)
insert into Foto_tag(fotograf_id, etiketlenen_kisi) values (14, 12)
insert into Foto_tag(fotograf_id, etiketlenen_kisi) values (15, 13)
insert into Foto_tag(fotograf_id, etiketlenen_kisi) values (16, 14)



